Причина 1;Причина 2;Причина 3
GPRS-WAP;Проблема;Другое
GPRS-WAP;Проблема;Работа услуги
GPRS-WAP;Проблема;Сбой/Перегрузка сети
USB-модем Билайн;Консультация по балансу;None
USB-модем Билайн;Консультация по трафику;None
USB-модем Билайн;Настройка;None
USB-модем Билайн;Не дождался списания аб/пл;None
USB-модем Билайн;Некорректная тарификация;Не списалась аб/плата
USB-модем Билайн;Некорректная тарификация;Необоснов. Блокировка
USB-модем Билайн;Проблема;Некорректное огранич. скорости
USB-модем Билайн;Проблема;Нет соединения
USB-модем Билайн;Проблема;Низкая скорость
Зона покрытия;2G;None
Зона покрытия;3G;None
Зона покрытия;4G;None
Зона покрытия;Интернет;None
Качество связи. Покрытие;Зона обслуживания;None
Качество связи. Покрытие;Претензия;None
Качество связи. Покрытие;Проблема;None
Качество связи;3G/2G;Зона покрытия
Качество связи;3G/2G;Нет регистрации
Качество связи;3G/2G;Общая информация
Качество связи;4G;Зона покрытия
Качество связи;4G;Нет регистрации
Качество связи;4G;Общая информация
Качество связи;Другое;None
Качество связи;Роуминг;Нет регистрации
Клиент. Оборуд./ Голос.связь/ Интернет;Настройки интернета;None
Клиент. Оборуд./ Голос.связь/ Интернет;Претензия на работу интернета;None
Клиент. Обращение по ТТ;Работа интернета;ТТ закрыт, проблема сохраняется
Клиент. Обращение по ТТ;Работа интернета;ТТ открыт
Клиент. Переключение по CASE;Case "Другое";Запрос передан в смежное подразделение
Клиент. Переключение по CASE;Case "Другое";Кейс закрыт/ Проблема повторяется
Клиент. Переключение по CASE;Case "Другое";Клиент не согласен с решением по кейсу
Клиент. Переключение по CASE;Case "Другое";Передан в работу/Ускорение рассмотрения
Клиент. Переключение по CASE;Case "Другое";Срок решения истек
Клиент. Переключение по CASE;Case "Другое";Срок решения не истек
Клиент. Переключение по CASE;ВО Сохранение/Контроль;Вопрос в работе/Заведен инц./Запрос в др. подразделение
Клиент. Переключение по CASE;ВО Сохранение/Контроль;Кейс закрыт/ Проблема повторяется
Клиент. Переключение по CASE;ВО Сохранение/Контроль;Клиент не согласен с решением по кейсу
Клиент. Переключение по CASE;ВО Сохранение/Контроль;Срок решения истек
Клиент. Переключение по CASE;ВО сохранение/Передача клиента;Вопрос в работе/Заведен инц./Запрос в др. подразделение
Клиент. Переключение по CASE;ВО сохранение/Передача клиента;Кейс закрыт/ Проблема повторяется
Клиент. Переключение по CASE;ВО сохранение/Передача клиента;Клиент не согласен с решением по кейсу
Клиент. Переключение по CASE;ВО сохранение/Передача клиента;Срок решения истек
Клиент. Переключение по CASE;ВО сохранение/Передача клиента;Срок решения не истек
Клиент. Переключение по CASE;ВО/Письменная претензия;Вопрос в работе/Заведен инц./Запрос в др. подразделение
Клиент. Переключение по CASE;ВО/Письменная претензия;Кейс закрыт/ Проблема повторяется
Клиент. Переключение по CASE;ВО/Письменная претензия;Клиент не согласен с решением по кейсу
Клиент. Переключение по CASE;ВО/Письменная претензия;Срок решения истек
Клиент. Переключение по CASE;ВО/Письменная претензия;Срок решения не истек
Настройки;3G/4G - Wifi роутер;Не настроена точка доступа (другая)
Настройки;3G/4G - Wifi роутер;Не настроена точка доступа home
Настройки;3G/4G - Wifi роутер;Не настроена точка доступа internet
Настройки;3G/4G - Wifi роутер;Не настроено подключение по WiFi
Настройки;3G/4G - Wifi роутер;Нет настроек сети 2G/3G/4G
Настройки;3G/4G - Wifi роутер;Установка/Удаление ПО роутера
Настройки;Int. Интернет с USB модема;Голосовая SIM -карта (смена точки доступа)
Настройки;Int. Интернет с USB модема;Настройки сбросились
Настройки;Int. Интернет с USB модема;Первичное обращение
Настройки;Int. Интернет с USB модема;Повторное обращение (самост. Не настроил)
Настройки;Int. Интернет с USB модема;Подключение к новому устройству
Настройки;Int. Интернет с USB модема;Универсальный/ связной модем
Настройки;Int. Интернет с телефона/планшета;SIM карта (смена точки доступа)
Настройки;Int. Интернет с телефона/планшета;Автоматические настройки не подошли
Настройки;Int. Интернет с телефона/планшета;Настройки сбросились
Настройки;Int. Интернет с телефона/планшета;ПЕРВИЧНОЕ ОБРАЩЕНИЕ (SMS С АВТО НАСТРОЙКАМИ/САЙТ)
Настройки;Int. Интернет с телефона/планшета;Первичное обращение (SMS с руч. настройками/ сайт)
Настройки;Int. Интернет с телефона/планшета;Повторное обращение (самост. Не настроил)
Настройки;USB-модем;Не настроен универсальный модем
Настройки;USB-модем;Не настроена точка доступа (другая)
Настройки;USB-модем;Не настроена точка доступа home
Настройки;USB-модем;Не настроена точка доступа internet
Настройки;USB-модем;Нет настроек сети 2G/3G/4G
Настройки;USB-модем;Установка/Удаление ПО модема
Настройки;Телефон/планшет (Android);Не включены мобильные данные (дом. сеть, внутрисетевой роум.)
Настройки;Телефон/планшет (Android);Не включены мобильные данные (МЖНР-роум.)
Настройки;Телефон/планшет (Android);Не настроена точка доступа (другая)
Настройки;Телефон/планшет (Android);Не настроена точка доступа home
Настройки;Телефон/планшет (Android);Не настроена точка доступа internet
Настройки;Телефон/планшет (Android);Не настроено оборуд.в качестве модема/ роутера Wi-Fi
Настройки;Телефон/планшет (Android);Неверные настройки в аппарате (сделан сброс)
Настройки;Телефон/планшет (Android);Нет настроек сети 2G/3G/4G
Настройки;Телефон/планшет (IOS);Не включены мобильные данные (дом. сеть, внутрисетевой роум.)
Настройки;Телефон/планшет (IOS);Не включены мобильные данные (МЖНР-роум.)
Настройки;Телефон/планшет (IOS);Не настроена точка доступа (другая)
Настройки;Телефон/планшет (IOS);Не настроена точка доступа home
Настройки;Телефон/планшет (IOS);Не настроена точка доступа internet
Настройки;Телефон/планшет (IOS);Не настроено оборуд.в качестве модема/ роутера Wi-Fi
Настройки;Телефон/планшет (IOS);Неверные настройки в аппарате (сделан сброс)
Настройки;Телефон/планшет (IOS);Нет настроек сети 2G/3G/4G
Настройки;Телефон/планшет (другое);Не включены мобильные данные (дом. сеть, внутрисетевой роум.)
Настройки;Телефон/планшет (другое);Не включены мобильные данные (МЖНР-роум.)
Настройки;Телефон/планшет (другое);Не настроена точка доступа (другая)
Настройки;Телефон/планшет (другое);Не настроена точка доступа internet
Настройки;Телефон/планшет (другое);Не настроено оборуд.в качестве модема/ роутера Wi-Fi
Настройки;Телефон/планшет (другое);Неверные настройки в аппарате (сделан сброс)
Не могу выйти в интернет;3G/4G - Wifi роутер;Денег на балансе нет
Не могу выйти в интернет;3G/4G - Wifi роутер;Деньги на балансе есть (Блокировка ALCO)
Не могу выйти в интернет;3G/4G - Wifi роутер;Дом.сеть. Нет регистрации/ покрытия сети (2G/3G)
Не могу выйти в интернет;3G/4G - Wifi роутер;Дом.сеть. Нет регистрации/ покрытия сети (4G)
Не могу выйти в интернет;3G/4G - Wifi роутер;Дом.сеть. Обрывы во время соединения/остановка загрузки
Не могу выйти в интернет;3G/4G - Wifi роутер;Локальное тт
Не могу выйти в интернет;3G/4G - Wifi роутер;Массовое тт
Не могу выйти в интернет;3G/4G - Wifi роутер;Не выполнены настройки
Не могу выйти в интернет;3G/4G - Wifi роутер;Не исправно устройство (SIM/роутер/компьютер)
Не могу выйти в интернет;3G/4G - Wifi роутер;Не открывается WEB-интерфейс роутера
Не могу выйти в интернет;3G/4G - Wifi роутер;Нет выхода в интернет после списания АП
Не могу выйти в интернет;3G/4G - Wifi роутер;Ошибки 619, 628, 678 и др. (не подключается)
Не могу выйти в интернет;3G/4G - Wifi роутер;Ошибки 720, 737, 633, 780 (не подключается, проблема с ПО)
Не могу выйти в интернет;3G/4G - Wifi роутер;Роуминг. Нет регистрации/ Проблема на стороне оператора-партнера
Не могу выйти в интернет;3G/4G - Wifi роутер;Роуминг. Покрытие есть/ Не открываются некоторые сайты
Не могу выйти в интернет;3G/4G - Wifi роутер;Роуминг. Покрытие есть/ Нет соединения вообще
Не могу выйти в интернет;3G/4G - Wifi роутер;Роуминг. Покрытие есть/ Нет соединения с 1-го раза
Не могу выйти в интернет;3G/4G - Wifi роутер;Услуга не подключена
Не могу выйти в интернет;Сим в др. устройстве (навигатор и др.);Денег на балансе нет
Не могу выйти в интернет;Сим в др. устройстве (навигатор и др.);Деньги на балансе есть (Блокировка ALCO)
Не могу выйти в интернет;Сим в др. устройстве (навигатор и др.);Дом.сеть. Нет регистрации/ покрытия сети (2G/3G)
Не могу выйти в интернет;Сим в др. устройстве (навигатор и др.);Дом.сеть. Нет регистрации/ покрытия сети (4G)
Не могу выйти в интернет;Сим в др. устройстве (навигатор и др.);Дом.сеть. Обрывы во время соединения/остановка загрузки
Не могу выйти в интернет;Сим в др. устройстве (навигатор и др.);Локальное ТТ
Не могу выйти в интернет;Сим в др. устройстве (навигатор и др.);Массовое ТТ
Не могу выйти в интернет;Сим в др. устройстве (навигатор и др.);Не включена передача данных в роуминге
Не могу выйти в интернет;Сим в др. устройстве (навигатор и др.);Не выполнены настройки
Не могу выйти в интернет;Сим в др. устройстве (навигатор и др.);Не исправно устройство (SIM/аппарат)
Не могу выйти в интернет;Сим в др. устройстве (навигатор и др.);Нет выхода в интернет после разбл. Номера (postpaid)
Не могу выйти в интернет;Сим в др. устройстве (навигатор и др.);Нет выхода в интернет после списания АП
Не могу выйти в интернет;Сим в др. устройстве (навигатор и др.);Роуминг. Нет регистрации/ Проблема на стороне оператора-партнера
Не могу выйти в интернет;Сим в др. устройстве (навигатор и др.);Роуминг. Покрытие есть/ Не открываются некоторые сайты
Не могу выйти в интернет;Сим в др. устройстве (навигатор и др.);Роуминг. Покрытие есть/ Нет соединения вообще
Не могу выйти в интернет;Сим в др. устройстве (навигатор и др.);Роуминг. Покрытие есть/ Нет соединения с 1-го раза
Не могу выйти в интернет;Сим в др. устройстве (навигатор и др.);Услуга не подключена
Не могу выйти в интернет;Сим в модеме;Денег на балансе нет
Не могу выйти в интернет;Сим в модеме;Деньги на балансе есть (Блокировка ALCO)
Не могу выйти в интернет;Сим в модеме;Дом.сеть. Нет регистрации/ покрытия сети (2G/3G)
Не могу выйти в интернет;Сим в модеме;Дом.сеть. Нет регистрации/ покрытия сети (4G)
Не могу выйти в интернет;Сим в модеме;Дом.сеть. Обрывы во время соединения/остановка загрузки
Не могу выйти в интернет;Сим в модеме;Локальное ТТ
Не могу выйти в интернет;Сим в модеме;Массовое ТТ
Не могу выйти в интернет;Сим в модеме;Не выполнены настройки
Не могу выйти в интернет;Сим в модеме;Не исправно устройство (SIM/модем/компьютер)
Не могу выйти в интернет;Сим в модеме;Не открывается WEB-интерфейс модема
Не могу выйти в интернет;Сим в модеме;Нет выхода в интернет после списания АП
Не могу выйти в интернет;Сим в модеме;Ошибки 619, 628, 678 и др. (не подключается)
Не могу выйти в интернет;Сим в модеме;Ошибки 720, 737, 633, 780 (не подключается, проблема с ПО)
Не могу выйти в интернет;Сим в модеме;Роуминг. Нет регистрации/ Проблема на стороне оператора-партнера
Не могу выйти в интернет;Сим в модеме;Роуминг. Покрытие есть/ Не открываются некоторые сайты
Не могу выйти в интернет;Сим в модеме;Роуминг. Покрытие есть/ Нет соединения вообще
Не могу выйти в интернет;Сим в модеме;Роуминг. Покрытие есть/ Нет соединения с 1-го раза
Не могу выйти в интернет;Сим в модеме;Услуга не подключена
Не могу выйти в интернет;Сим в телефоне/планшете;Денег на балансе нет
Не могу выйти в интернет;Сим в телефоне/планшете;Деньги на балансе есть (Блокировка ALCO)
Не могу выйти в интернет;Сим в телефоне/планшете;Дом.сеть. Нет регистрации/ покрытия сети (2G/3G)
Не могу выйти в интернет;Сим в телефоне/планшете;Дом.сеть. Нет регистрации/ покрытия сети (4G)
Не могу выйти в интернет;Сим в телефоне/планшете;Дом.сеть. Обрывы во время соединения/остановка загрузки
Не могу выйти в интернет;Сим в телефоне/планшете;Локальное ТТ
Не могу выйти в интернет;Сим в телефоне/планшете;Массовое ТТ
Не могу выйти в интернет;Сим в телефоне/планшете;Не включена передача данных в роуминге
Не могу выйти в интернет;Сим в телефоне/планшете;Не выполнены настройки
Не могу выйти в интернет;Сим в телефоне/планшете;Не исправно устройство (SIM/аппарат)
Не могу выйти в интернет;Сим в телефоне/планшете;Нет выхода в интернет после разбл. Номера (postpaid)
Не могу выйти в интернет;Сим в телефоне/планшете;Нет выхода в интернет после списания АП
Не могу выйти в интернет;Сим в телефоне/планшете;Роуминг. Нет регистрации/ Проблема на стороне оператора-партнера
Не могу выйти в интернет;Сим в телефоне/планшете;Роуминг. Покрытие есть/ Не открываются некоторые сайты
Не могу выйти в интернет;Сим в телефоне/планшете;Роуминг. Покрытие есть/ Нет соединения вообще
Не могу выйти в интернет;Сим в телефоне/планшете;Роуминг. Покрытие есть/ Нет соединения с 1-го раза
Не могу выйти в интернет;Сим в телефоне/планшете;Услуга не подключена
Не могу выйти в интернет;ТП Интернет навсегда;Использует телефон
Не могу выйти в интернет;ТП Интернет навсегда;Не работает sim
Не работает интернет;Int. Интернет для путешествий по России;Не подключена услуга
Не работает интернет;Int. Интернет на все;Нет выхода с дополнительного номера
Не работает интернет;Int. Интернет на все;Номер в МЖНР. роуминге
Не работает интернет;Int. Интернет с USB модема;Автоматические/ручные настройки/ Настройки сети
Не работает интернет;Int. Интернет с USB модема;Баланс был достаточный, АП не списалась
Не работает интернет;Int. Интернет с USB модема;Баланс пополнен, не работает списание АП
Не работает интернет;Int. Интернет с USB модема;Блокировка alco (нет денег)
Не работает интернет;Int. Интернет с USB модема;Все корректно/ нет выхода в роуминге
Не работает интернет;Int. Интернет с USB модема;Есть планы строительства в backoffice
Не работает интернет;Int. Интернет с USB модема;Есть покрытие/ проблема соединения появилась недавно
Не работает интернет;Int. Интернет с USB модема;Массовый инцидент
Не работает интернет;Int. Интернет с USB модема;Наличие аварии в backoffice
Не работает интернет;Int. Интернет с USB модема;Наличие запрещающего SOC
Не работает интернет;Int. Интернет с USB модема;Не корректно работает редирект
Не работает интернет;Int. Интернет с USB модема;Не подключен пакет трех услуг
Не работает интернет;Int. Интернет с USB модема;Не работает sim
Не работает интернет;Int. Интернет с USB модема;Недостаточно денег/блок номера
Не работает интернет;Int. Интернет с USB модема;Некорректная сумма списания АП
Не работает интернет;Int. Интернет с USB модема;Нет выхода в интернет после пополнения баланса  (prepaid)
Не работает интернет;Int. Интернет с USB модема;Нет выхода в интернет после разбл. номера (postpaid)
Не работает интернет;Int. Интернет с USB модема;Нет выхода в интернет после списания АП
Не работает интернет;Int. Интернет с USB модема;Нет планов строительства в backoffice
Не работает интернет;Int. Интернет с USB модема;Покрытие есть/ проблема соединения была всегда
Не работает интернет;Int. Интернет с USB модема;Услуга не была подключена
Не работает интернет;Int. Интернет с телефона/планшета;Автоматические/ручные настройки/ Настройки сети
Не работает интернет;Int. Интернет с телефона/планшета;Баланс был достаточный, АП не списалась
Не работает интернет;Int. Интернет с телефона/планшета;Баланс пополнен, не работает списание АП
Не работает интернет;Int. Интернет с телефона/планшета;Блокировка alco (нет денег)
Не работает интернет;Int. Интернет с телефона/планшета;Все корректно/ нет выхода в роуминге
Не работает интернет;Int. Интернет с телефона/планшета;Есть планы строительства в backoffice
Не работает интернет;Int. Интернет с телефона/планшета;Есть покрытие/ проблема соединения появилась недавно
Не работает интернет;Int. Интернет с телефона/планшета;Массовый инцидент
Не работает интернет;Int. Интернет с телефона/планшета;Наличие аварии в backoffice
Не работает интернет;Int. Интернет с телефона/планшета;Наличие запрещающего SOC
Не работает интернет;Int. Интернет с телефона/планшета;Не корректно работает редирект
Не работает интернет;Int. Интернет с телефона/планшета;Не подключен пакет трех услуг
Не работает интернет;Int. Интернет с телефона/планшета;Не работает sim
Не работает интернет;Int. Интернет с телефона/планшета;Недостаточно денег/блок номера
Не работает интернет;Int. Интернет с телефона/планшета;Некорректная сумма списания АП
Не работает интернет;Int. Интернет с телефона/планшета;Нет выхода в интернет после пополнения баланса  (prepaid)
Не работает интернет;Int. Интернет с телефона/планшета;Нет выхода в интернет после разбл. номера (postpaid)
Не работает интернет;Int. Интернет с телефона/планшета;Нет выхода в интернет после списания АП
Не работает интернет;Int. Интернет с телефона/планшета;Нет планов строительства в backoffice
Не работает интернет;Int. Интернет с телефона/планшета;Покрытие есть/ проблема соединения была всегда
Не работает интернет;Int. Интернет с телефона/планшета;Услуга не была подключена
Не работает интернет;Int. Раздача интернета по Wi-Fi;Истекло время действия услуги
Не работает интернет;Int. Раздача интернета по Wi-Fi;Не корректно работает редирект
Не работает интернет;Int. Раздача интернета по Wi-Fi;Не подключена услуга
Не работает интернет;Int. Раздача интернета по Wi-Fi;Нет выхода с устройства-B
Не работает интернет;ТП Все для Семьи;Доп.номер исключен из группы
Не работает интернет;ТП Интернет для планшета;Использует телефон
Не работает интернет;ТП Интернет для планшета;Не списана АП
Не работает интернет;ТП Интернет навсегда;Использует телефон
Не работает услуга;BES;None
Не работает услуга;BIS;Массовое ТТ
Не работает услуга;BIS;Не выполнены настройки
Не работает услуга;BIS;Не работает интернет/почта
Не работает услуга;BIS;Проблема с учетной записью blackberry
Не работает услуга;BIS;Услуга не подключена
Не работает услуга;BIS;Финансовое ограничение
Не работает услуга;Int. Линейка опций Пакет;Не начислен трафик
Не работает услуга;Int. Линейка опций Хайвей;Не начислен трафик
Нет регистрации;Международный/национальный роуминг;Массовый инцидент
Нет регистрации;Международный/национальный роуминг;Неисправное оборудование/ рекомендация переставить SIM-карту
Нет регистрации;Международный/национальный роуминг;Нет автоматической регистрации / ручной выбор
Нет регистрации;Международный/национальный роуминг;Нет регистрации в сети роуминг-партнера
Нет регистрации;Международный/национальный роуминг;Препейд. Недостаточный баланс
Низкая скорость. Почему?;3G/4G - Wifi роутер;Дом.сеть. Скорость в 2G, в пределах нормы
Низкая скорость. Почему?;3G/4G - Wifi роутер;Дом.сеть. Скорость в 3G, в пределах нормы
Низкая скорость. Почему?;3G/4G - Wifi роутер;Дом.сеть. Скорость в 3G, ниже нормы
Низкая скорость. Почему?;3G/4G - Wifi роутер;Дом.сеть. Скорость в 4G, в пределах нормы
Низкая скорость. Почему?;3G/4G - Wifi роутер;Дом.сеть. Скорость в 4G, ниже нормы
Низкая скорость. Почему?;3G/4G - Wifi роутер;Локальное тт
Низкая скорость. Почему?;3G/4G - Wifi роутер;Массовое тт
Низкая скорость. Почему?;3G/4G - Wifi роутер;Не исправно устройство (sim/роутер)
Низкая скорость. Почему?;3G/4G - Wifi роутер;Неверный выбор сети аппаратом
Низкая скорость. Почему?;3G/4G - Wifi роутер;Роуминг. Проблема на стороне оператора-партнера
Низкая скорость. Почему?;3G/4G - Wifi роутер;Роуминг. Скорость 2G/3G/4G в пределах нормы
Низкая скорость. Почему?;3G/4G - Wifi роутер;Роуминг. Скорость 3G/4G ниже нормы
Низкая скорость. Почему?;3G/4G - Wifi роутер;Трафик израсходован
Низкая скорость. Почему?;Int. Интернет с USB модема;Вкл. ограничение, Трафик не израсходован
Низкая скорость. Почему?;Int. Интернет с USB модема;Включено ограничение скорости корректно
Низкая скорость. Почему?;Int. Интернет с USB модема;Есть планы строительства в backoffice
Низкая скорость. Почему?;Int. Интернет с USB модема;Массовый инцидент
Низкая скорость. Почему?;Int. Интернет с USB модема;Наличие аварии в backoffice
Низкая скорость. Почему?;Int. Интернет с USB модема;Настройки сети в телефоне
Низкая скорость. Почему?;Int. Интернет с USB модема;Недостаточный баланс/блок номера
Низкая скорость. Почему?;Int. Интернет с USB модема;Нет планов строительства в backoffice
Низкая скорость. Почему?;Int. Интернет с USB модема;Ограничение скорости не включено, проблемы сети 3G
Низкая скорость. Почему?;Int. Интернет с USB модема;Ограничение скорости не включено, проблемы сети 4G
Низкая скорость. Почему?;Int. Интернет с USB модема;Оплата списалась, не откл. ограничение
Низкая скорость. Почему?;Int. Интернет с USB модема;Пакет не предоставлен
Низкая скорость. Почему?;Int. Интернет с USB модема;Перестановка sim в другой слот
Низкая скорость. Почему?;Int. Интернет с USB модема;Скорость не стабильна (подвисает видео?)
Низкая скорость. Почему?;Int. Интернет с телефона/планшета;Вкл. ограничение, Трафик не израсходован
Низкая скорость. Почему?;Int. Интернет с телефона/планшета;Включено ограничение скорости корректно
Низкая скорость. Почему?;Int. Интернет с телефона/планшета;Есть планы строительства в backoffice
Низкая скорость. Почему?;Int. Интернет с телефона/планшета;Массовый инцидент
Низкая скорость. Почему?;Int. Интернет с телефона/планшета;Наличие аварии в backoffice
Низкая скорость. Почему?;Int. Интернет с телефона/планшета;Настройки сети в телефоне
Низкая скорость. Почему?;Int. Интернет с телефона/планшета;Недостаточный баланс/блок номера
Низкая скорость. Почему?;Int. Интернет с телефона/планшета;Нет планов строительства в backoffice
Низкая скорость. Почему?;Int. Интернет с телефона/планшета;Ограничение скорости не включено, проблемы сети 3G
Низкая скорость. Почему?;Int. Интернет с телефона/планшета;Ограничение скорости не включено, проблемы сети 4G
Низкая скорость. Почему?;Int. Интернет с телефона/планшета;Оплата списалась, не откл. ограничение
Низкая скорость. Почему?;Int. Интернет с телефона/планшета;Пакет не предоставлен
Низкая скорость. Почему?;Int. Интернет с телефона/планшета;Перестановка sim в другой слот
Низкая скорость. Почему?;Int. Интернет с телефона/планшета;Скорость не стабильна (подвисает видео?)
Низкая скорость. Почему?;Сим в модеме;Дом.сеть. Скорость в 2G, в пределах нормы
Низкая скорость. Почему?;Сим в модеме;Дом.сеть. Скорость в 3G, в пределах нормы
Низкая скорость. Почему?;Сим в модеме;Дом.сеть. Скорость в 3G, ниже нормы
Низкая скорость. Почему?;Сим в модеме;Дом.сеть. Скорость в 4G, в пределах нормы
Низкая скорость. Почему?;Сим в модеме;Дом.сеть. Скорость в 4G, ниже нормы
Низкая скорость. Почему?;Сим в модеме;Локальное ТТ
Низкая скорость. Почему?;Сим в модеме;Массовое ТТ
Низкая скорость. Почему?;Сим в модеме;Не верный выбор сети аппаратом
Низкая скорость. Почему?;Сим в модеме;Не исправно устройство (SIM/модем)
Низкая скорость. Почему?;Сим в модеме;Роуминг. Проблема на стороне оператора-партнера
Низкая скорость. Почему?;Сим в модеме;Роуминг. Скорость 2G/3G/4G в пределах нормы
Низкая скорость. Почему?;Сим в модеме;Роуминг. Скорость 3G/4G ниже нормы
Низкая скорость. Почему?;Сим в модеме;Трафик израсходован
Низкая скорость. Почему?;Сим в телефоне/планшете;Дом.сеть. Скорость в 2G, в пределах нормы
Низкая скорость. Почему?;Сим в телефоне/планшете;Дом.сеть. Скорость в 3G, в пределах нормы
Низкая скорость. Почему?;Сим в телефоне/планшете;Дом.сеть. Скорость в 3G, ниже нормы
Низкая скорость. Почему?;Сим в телефоне/планшете;Дом.сеть. Скорость в 4G, в пределах нормы
Низкая скорость. Почему?;Сим в телефоне/планшете;Дом.сеть. Скорость в 4G, ниже нормы
Низкая скорость. Почему?;Сим в телефоне/планшете;Локальное ТТ
Низкая скорость. Почему?;Сим в телефоне/планшете;Массовое ТТ
Низкая скорость. Почему?;Сим в телефоне/планшете;Не верный выбор сети аппаратом
Низкая скорость. Почему?;Сим в телефоне/планшете;Не исправно устройство (SIM/модем)
Низкая скорость. Почему?;Сим в телефоне/планшете;Роуминг. Проблема на стороне оператора-партнера
Низкая скорость. Почему?;Сим в телефоне/планшете;Роуминг. Скорость 2G/3G/4G в пределах нормы
Низкая скорость. Почему?;Сим в телефоне/планшете;Роуминг. Скорость 3G/4G ниже нормы
Низкая скорость. Почему?;Сим в телефоне/планшете;Трафик израсходован
Низкая скорость. Почему?;ТП Все для Семьи;Закончился трафик на основном номере
Оборудование. Консультации;Неисправное оборудование;None
Оборудование. Консультации;Функции аппарата;None
Оборудование. Претензии;SIM карты;None
Оборудование. Претензии;Неисправное оборудование;None
Оборудование. Претензии;Неисправное оборудование;Возврат брак модем Quanta 1K6E white
Оборудование;Apple;Неисправное оборудование
Оборудование;Blackberry;Информация по функциям устройства
Оборудование;Blackberry;Неисправное оборудование
Оборудование;Брендированное оборуд-е;Настройка
Оборудование;Брендированные аппараты;Неисправное оборудование
Оборудование;Другие аппараты;Информация по функциям устройства
Оборудование;Другие аппараты;Неисправное оборудование
Оборудование;Настройка;USB-модем
Оборудование;Настройка;Консультация специалиста
Оборудование;Настройка;Ноутбук
Оборудование;Настройка;Телефон
Оборудование;Неисправное оборудование;None
Переключение по CASE;Интернет;Не согласен с решением по кейсу, вопрос актуален
Переключение по CASE;Интернет;Работа ведется/заведен ТТ, доп. инфо в кейс/ТТ
Переключение по CASE;Интернет;Срок решения истек, принят в работу
Переключение по CASE;Интернет;Срок решения не истек, принят в работу
Переключение по CASE;Контроль;Интересуется статусом рассмотрения/сроками
Переключение по CASE;Контроль;Не согласен с решением по кейсу, вопрос актуален
Переключение по CASE;Контроль;Не хочет ждать
Роуминг. Консультации;Самый выгодный интернет в роуминге;Знал, что подкл./хочет откл.
Роуминг. Консультации;Самый выгодный интернет в роуминге;Интересуют параметры услуги
Роуминг. Консультации;Самый выгодный интернет в роуминге;Как подключить
Роуминг. Консультации;Самый выгодный интернет в роуминге;Не знал, что подкл./хочет откл.
Роуминг. Консультации;Самый выгодный интернет в роуминге;Проверка наличия услуги
Роуминг. Консультации;Самый выгодный интернет в роуминге;Списание абон.платы/ откл. не хочет
Роуминг. Подключение;Самый выгодный интернет в роуминге;None
Роуминг. Претензии;Планета интернета;Подключение / отключение
Роуминг. Претензии;Планета интернета;Тарификация
Роуминг. Претензии;Самый выгодный интернет в роуминге;Подключение / отключение
Роуминг. Претензии;Самый выгодный интернет в роуминге;Тарификация
Роуминг;Услуги для роуминга;None
Связь и интернет. Консультации;4G;Настройки
Связь и интернет. Консультации;4G;Подключение / отключение
Связь и интернет. Консультации;4G;Скачивание приложений
Связь и интернет. Консультации;4G;Скорость
Связь и интернет. Консультации;USB Модем;Возьми интернет на дачу
Связь и интернет. Консультации;USB Модем;Настройки
Связь и интернет. Консультации;USB Модем;Не знает расценок по ТП
Связь и интернет. Консультации;USB Модем;Не списалась АП/ помегаб.Тарификация
Связь и интернет. Консультации;USB Модем;Разъяснения по тарификации трафика
Связь и интернет. Консультации;USB Модем;Скорость
Связь и интернет. Консультации;Зона покрытия;4G
Связь и интернет. Консультации;Зона покрытия;Голос
Связь и интернет. Консультации;Зона покрытия;Интернет
Связь и интернет. Консультации;Интернет с телефона;Настройки
Связь и интернет. Консультации;Интернет с телефона;Подключение / отключение
Связь и интернет. Консультации;Интернет с телефона;Скачивание приложений
Связь и интернет. Консультации;Интернет с телефона;Скорость
Связь и интернет. Консультации;Интернет с телефона;Тарификация
Связь и интернет. Консультации;Модернизация сети;None
Связь и интернет. Консультации;Продвижение качества моб. Интернета;None
Связь и интернет. Претензии;USB Модем;4G. Не устанавливается соединение с первого раза
Связь и интернет. Претензии;USB Модем;4G. Нет  покрытия  на улице
Связь и интернет. Претензии;USB Модем;4G. Нет  покрытия  по маршруту перемещения
Связь и интернет. Претензии;USB Модем;4G. Нет  покрытия в помещении
Связь и интернет. Претензии;USB Модем;4G. Низкая скорость работы интернета
Связь и интернет. Претензии;USB Модем;4G. Обрывы во время соединения
Связь и интернет. Претензии;USB Модем;Не открываются некоторые сайты
Связь и интернет. Претензии;USB Модем;Не работает sim
Связь и интернет. Претензии;USB Модем;Не устанавливается соединение с первого раза
Связь и интернет. Претензии;USB Модем;Некорректное ограничение скорости
Связь и интернет. Претензии;USB Модем;Нет  покрытия  на улице
Связь и интернет. Претензии;USB Модем;Нет  покрытия  по маршруту перемещения
Связь и интернет. Претензии;USB Модем;Нет  покрытия в помещении
Связь и интернет. Претензии;USB Модем;Нет выхода в интернет  (opera mini и др. proxy браузеры)
Связь и интернет. Претензии;USB Модем;Нет выхода в интернет после списания АП
Связь и интернет. Претензии;USB Модем;Низкая скорость работы интернета
Связь и интернет. Претензии;USB Модем;Обрывы во время соединения
Связь и интернет. Претензии;USB Модем;Прием писем. Передано в Backoffice
Связь и интернет. Претензии;USB Модем;Списание АП не работает
Связь и интернет. Претензии;USB Модем;Тарификация
Связь и интернет. Претензии;Интернет с телефона;4G. Не устанавливается соединение с первого раза
Связь и интернет. Претензии;Интернет с телефона;4G. Нет  покрытия  на улице
Связь и интернет. Претензии;Интернет с телефона;4G. Нет  покрытия  по маршруту перемещения
Связь и интернет. Претензии;Интернет с телефона;4G. Нет  покрытия в помещении
Связь и интернет. Претензии;Интернет с телефона;4G. Низкая скорость работы интернета
Связь и интернет. Претензии;Интернет с телефона;4G. Обрывы во время соединения
Связь и интернет. Претензии;Интернет с телефона;Не открываются некоторые сайты
Связь и интернет. Претензии;Интернет с телефона;Не пришли настройки DMS
Связь и интернет. Претензии;Интернет с телефона;Не устанавливается соединение с первого раза
Связь и интернет. Претензии;Интернет с телефона;Некорректное ограничение скорости
Связь и интернет. Претензии;Интернет с телефона;Нет  покрытия  на улице
Связь и интернет. Претензии;Интернет с телефона;Нет  покрытия  по маршруту перемещения
Связь и интернет. Претензии;Интернет с телефона;Нет  покрытия в помещении
Связь и интернет. Претензии;Интернет с телефона;Нет выхода в интернет  (opera mini и др. proxy браузеры)
Связь и интернет. Претензии;Интернет с телефона;Нет выхода в интернет после списания АП
Связь и интернет. Претензии;Интернет с телефона;Низкая скорость работы интернета
Связь и интернет. Претензии;Интернет с телефона;Обрывы во время соединения
Связь и интернет. Претензии;Интернет с телефона;Прием писем. Передано в Backoffice
Связь и интернет. Претензии;Интернет с телефона;Тарификация
Связь и интернет;Зона покрытия/Интернет;Консультация специалиста
Связь и интернет;Зона покрытия/Интернет;Недозвон
Связь и интернет;Зона покрытия/Интернет;Ответ на П/Я
Связь и интернет;Зона покрытия/Интернет;Отработано ПМ
Связь и интернет;Зона покрытия/Интернет;Перезвонить позднее
Связь и интернет;Интернет с телефона/Настройки;Консультация специалиста
Связь и интернет;Интернет с телефона/Настройки;Недозвон
Связь и интернет;Интернет с телефона/Настройки;Ответ на П/Я
Связь и интернет;Интернет с телефона/Настройки;Отработано ПМ
Связь и интернет;Интернет с телефона/Настройки;Перезвонить позднее
Связь и интернет;Интернет с телефона/Нет соединения;Консультация специалиста
Связь и интернет;Интернет с телефона/Нет соединения;Недозвон
Связь и интернет;Интернет с телефона/Нет соединения;Ответ на П/Я
Связь и интернет;Интернет с телефона/Нет соединения;Отработано ПМ
Связь и интернет;Интернет с телефона/Нет соединения;Перезвонить позднее
Связь и интернет;Интернет с телефона/Низкая скорость;Консультация специалиста
Связь и интернет;Интернет с телефона/Низкая скорость;Недозвон
Связь и интернет;Интернет с телефона/Низкая скорость;Ответ на П/Я
Связь и интернет;Интернет с телефона/Низкая скорость;Отработано ПМ
Связь и интернет;Интернет с телефона/Низкая скорость;Перезвонить позднее
Связь и интернет;Интернет с телефона/Обрывы соединения;Консультация специалиста
Связь и интернет;Интернет с телефона/Обрывы соединения;Недозвон
Связь и интернет;Интернет с телефона/Обрывы соединения;Ответ на П/Я
Связь и интернет;Интернет с телефона/Обрывы соединения;Отработано ПМ
Связь и интернет;Интернет с телефона/Обрывы соединения;Перезвонить позднее
Связь и интернет;Интернет с телефона/Подключение / отключение;Консультация специалиста
Связь и интернет;Интернет с телефона/Подключение / отключение;Недозвон
Связь и интернет;Интернет с телефона/Подключение / отключение;Ответ на П/Я
Связь и интернет;Интернет с телефона/Подключение / отключение;Отработано ПМ
Связь и интернет;Интернет с телефона/Подключение / отключение;Перезвонить позднее
Связь и интернет;Интернет с телефона/Скорость;Консультация специалиста
Связь и интернет;Интернет с телефона/Скорость;Недозвон
Связь и интернет;Интернет с телефона/Скорость;Ответ на П/Я
Связь и интернет;Интернет с телефона/Скорость;Отработано ПМ
Связь и интернет;Интернет с телефона/Скорость;Перезвонить позднее